filename,Null
WIN_20250508_23_40_47_Pro_mp4-0073_jpg.rf.b7c55f4bd03aa431a7d75cbf56ebe27a.jpg,1
NULL_mp4-0006_jpg.rf.be3900c664776b6f47537a4eae691efa.jpg,1
NULL_mp4-0075_jpg.rf.7735f6bb0012c3861d5aca03abcfd177.jpg,1
WIN_20250508_23_40_47_Pro_mp4-0024_jpg.rf.eab805a9088ae23eb2b59348b2b199fd.jpg,1
NULL_mp4-0016_jpg.rf.3265425b1c623761fee4a16d09733e00.jpg,1
NULL_mp4-0028_jpg.rf.75fa303a74d8e93db88117f36b6da090.jpg,1
WIN_20250508_23_40_47_Pro_mp4-0059_jpg.rf.faf52fecb3f1d2cebd97a1a9f8f9e8f8.jpg,1
WIN_20250508_23_40_47_Pro_mp4-0072_jpg.rf.9dddf8dff8a26acad17633ce3c303a1b.jpg,1
WIN_20250508_23_40_47_Pro_mp4-0010_jpg.rf.1a7337d9db0c4e543a38bf2d5f186e8c.jpg,1
NULL_mp4-0051_jpg.rf.9bed22fed1cd6967094950799acf05e5.jpg,1
WIN_20250508_23_40_47_Pro_mp4-0058_jpg.rf.3d50b398cc1cc6c710b09d7a5cb74a2c.jpg,1
WIN_20250508_23_40_47_Pro_mp4-0071_jpg.rf.b4ae1cbe8b9a14c45ca782a7599279c1.jpg,1
NULL_mp4-0095_jpg.rf.8cbdd12564a94857ecb031cbdf3c2fc2.jpg,1
NULL_mp4-0079_jpg.rf.20baa1bc678b6e94e75debab871d0971.jpg,1
NULL_mp4-0092_jpg.rf.3c0ae37a27bea6fd0a0788816115f17e.jpg,1
NULL_mp4-0028_jpg.rf.0b97a5f2ab188358ffa7914fd6d3bb18.jpg,1
NULL_mp4-0015_jpg.rf.b9927ccf67b7af01f91930eab924946e.jpg,1
NULL_mp4-0031_jpg.rf.e8cec96b04198da48caa7da8a639e1f2.jpg,1
WIN_20250508_23_40_47_Pro_mp4-0001_jpg.rf.73c1506a42699819e3d606c5d78aeff0.jpg,1
WIN_20250508_23_40_47_Pro_mp4-0033_jpg.rf.0103f0d54c7a30c46f908b0838d03dbd.jpg,1
NULL_mp4-0031_jpg.rf.fea3a803cf7dd1715410a76db7ea2c72.jpg,1
NULL_mp4-0105_jpg.rf.d9e8db63bf9ff97d9d314ea9d86f09c7.jpg,1
WIN_20250508_23_40_47_Pro_mp4-0083_jpg.rf.0475d632bcd836d6696fce11c30391fc.jpg,1
WIN_20250508_23_40_47_Pro_mp4-0102_jpg.rf.81dbca465bfdbd1a83131bcf0907daa7.jpg,1
NULL_mp4-0039_jpg.rf.930d9d11209ae442dabb7646a9e63faf.jpg,1
WIN_20250508_23_40_47_Pro_mp4-0033_jpg.rf.41a284b179065e91ace6df92840b7b30.jpg,1
NULL_mp4-0056_jpg.rf.d7310e19defe814a0b26f109a5f8283a.jpg,1
WIN_20250508_23_40_47_Pro_mp4-0058_jpg.rf.e96475471f62debb3b064ef97b509070.jpg,1
NULL_mp4-0104_jpg.rf.4f9fe059856b9b64b87c8b6e723a7815.jpg,1
NULL_mp4-0080_jpg.rf.05a443fa29c07e37dc44701c458a0037.jpg,1
NULL_mp4-0110_jpg.rf.68fa3fe3b64e64af51fcf42840d40466.jpg,1
NULL_mp4-0110_jpg.rf.026fd259ce7f1bc727d0eebf570ae8d0.jpg,1
NULL_mp4-0000_jpg.rf.235169efa15ae4c67a8728bfabdcea2d.jpg,1
WIN_20250508_23_40_47_Pro_mp4-0052_jpg.rf.f821770abe589e5cfa981ab7325043c9.jpg,1
WIN_20250508_23_40_47_Pro_mp4-0092_jpg.rf.088750adeb2e6d7e145ff5f40a123214.jpg,1
NULL_mp4-0025_jpg.rf.261e50e25adb6ce289cd4b3c34eeb605.jpg,1
NULL_mp4-0105_jpg.rf.3e6785ff745068936d1b9662c9f233e5.jpg,1
NULL_mp4-0006_jpg.rf.abb66499857cbc6c2112a08751845a8e.jpg,1
NULL_mp4-0104_jpg.rf.c8258ecb373cba122c89b9ebb90007ba.jpg,1
WIN_20250508_23_40_47_Pro_mp4-0008_jpg.rf.a4f47e2714ce56436858291f596cf9d8.jpg,1
NULL_mp4-0084_jpg.rf.714aad23d7c240cff7fccc88d1224bde.jpg,1
NULL_mp4-0099_jpg.rf.75e58901edcdb5fe66124de100e155a0.jpg,1
NULL_mp4-0051_jpg.rf.f7bc29fb37cec4ae44fefdaac3e2d65b.jpg,1
WIN_20250508_23_40_47_Pro_mp4-0051_jpg.rf.9803fe36e90aa9abf5affd33cfe53d67.jpg,1
NULL_mp4-0095_jpg.rf.b580eaf5c12fee8b9ee9cb3ce446dfb9.jpg,1
WIN_20250508_23_40_47_Pro_mp4-0084_jpg.rf.d5f23d1bf1bb526c4bf4cd679d1a042d.jpg,1
WIN_20250508_23_40_47_Pro_mp4-0094_jpg.rf.1a03311b60f82d15987584e8948c36c3.jpg,1
WIN_20250508_23_40_47_Pro_mp4-0029_jpg.rf.d7604aff0f363c384dc4a369e9c64eb0.jpg,1
NULL_mp4-0038_jpg.rf.1cbf76a1ba974add33da1dc11e2148ef.jpg,1
WIN_20250508_23_40_47_Pro_mp4-0106_jpg.rf.5753a5c1b27a89afe847877fb90e96e9.jpg,1
WIN_20250508_23_40_47_Pro_mp4-0060_jpg.rf.ae745b4aae9078620d1d27a7adbbf8e5.jpg,1
WIN_20250508_23_40_47_Pro_mp4-0055_jpg.rf.bf1dc7754c3aa8d19f596a5d735d813a.jpg,1
WIN_20250508_23_40_47_Pro_mp4-0011_jpg.rf.5d47e0b2be18f0a2af88c0f7d6b9e2b7.jpg,1
NULL_mp4-0081_jpg.rf.d18c7d0ab7bef4abe77fa6418df5d5a7.jpg,1
NULL_mp4-0099_jpg.rf.416065f6cc9821775c59e8b9015fdbaf.jpg,1
WIN_20250508_23_40_47_Pro_mp4-0053_jpg.rf.0b3b6137d73fd45bd608f7755afc16a8.jpg,1
NULL_mp4-0068_jpg.rf.eef6ba8a636e4c09bc043b2bd98fb2eb.jpg,1
NULL_mp4-0025_jpg.rf.5c49941c90842b480687aef0f43ab704.jpg,1
NULL_mp4-0071_jpg.rf.e2ac32db39ae887686abad3ab9e16912.jpg,1
NULL_mp4-0009_jpg.rf.a228edaa393bc5b30e67b69fc5977892.jpg,1
NULL_mp4-0092_jpg.rf.675c9a9ffb3f07cb308eaee81350e2f1.jpg,1
NULL_mp4-0030_jpg.rf.b9da888dec97ecbc5f7063cd7d7f6b89.jpg,1
WIN_20250508_23_40_47_Pro_mp4-0034_jpg.rf.69b4a54b5f8c50bbe13558e60e44fab6.jpg,1
WIN_20250508_23_40_47_Pro_mp4-0024_jpg.rf.0fe70f822c28160b56ddc76fee8ac562.jpg,1
WIN_20250508_23_40_47_Pro_mp4-0094_jpg.rf.10393454296943d7fa66c4c187e33b27.jpg,1
NULL_mp4-0061_jpg.rf.9b5a0f00702ad4c9949f9cf1ee323169.jpg,1
WIN_20250508_23_40_47_Pro_mp4-0001_jpg.rf.dee8d9c5b3971a9975cecc2d7655a6ca.jpg,1
WIN_20250508_23_40_47_Pro_mp4-0102_jpg.rf.7ffc167959cbb4aa2e60cb9f1e58a064.jpg,1
WIN_20250508_23_40_47_Pro_mp4-0094_jpg.rf.c9aeae480049b8516c3bcd369fa5f703.jpg,1
NULL_mp4-0010_jpg.rf.8e0db38362e3c5ef54dcdf2fc8baaf3c.jpg,1
NULL_mp4-0045_jpg.rf.10d0fd612942246d11853b1dc678cb40.jpg,1
NULL_mp4-0012_jpg.rf.56030eb7c64b92794e926c13d0508788.jpg,1
WIN_20250508_23_40_47_Pro_mp4-0073_jpg.rf.030e9a01d6f8351fa525ee8829dae6f9.jpg,1
WIN_20250508_23_40_47_Pro_mp4-0100_jpg.rf.65f03cd31e47cbbe0c3a627939179e53.jpg,1
NULL_mp4-0011_jpg.rf.76b15189bcbe631123a9a451ed9ad02d.jpg,1
WIN_20250508_23_40_47_Pro_mp4-0052_jpg.rf.04ff50739896f8a040b86e1305921b65.jpg,1
WIN_20250508_23_40_47_Pro_mp4-0075_jpg.rf.37c841243d7783b6a6ad71c7119edfab.jpg,1
NULL_mp4-0050_jpg.rf.ac6a2ef69d5f088667e09b914d2a1e17.jpg,1
WIN_20250508_23_40_47_Pro_mp4-0051_jpg.rf.986cc74c62b2f2aae54d146155a0dbe0.jpg,1
WIN_20250508_23_40_47_Pro_mp4-0053_jpg.rf.569d2ebd76af573cfcd189f8c4a0a00c.jpg,1
WIN_20250508_23_40_47_Pro_mp4-0016_jpg.rf.93e560abf341ba59a2cc9c5fa7d6d1f9.jpg,1
WIN_20250508_23_40_47_Pro_mp4-0071_jpg.rf.8ca1d748760bbb763a9796d690afb9cb.jpg,1
WIN_20250508_23_40_47_Pro_mp4-0078_jpg.rf.6e5974b105ed6e6d921b3eff99997291.jpg,1
WIN_20250508_23_40_47_Pro_mp4-0084_jpg.rf.128f3e9bcd040eeb99efe6308c2adbe8.jpg,1
NULL_mp4-0010_jpg.rf.7eeb2e9a327d6f28a24454e0284973a7.jpg,1
NULL_mp4-0050_jpg.rf.899da76860a2ad1d17373f3552df5e9c.jpg,1
NULL_mp4-0081_jpg.rf.6ee188b6a353a5d01850e7b3d8fe7a1e.jpg,1
WIN_20250508_23_40_47_Pro_mp4-0059_jpg.rf.859abadee01dd6ce471ac62a5532abac.jpg,1
NULL_mp4-0079_jpg.rf.115ed3376631e9ee2f52a97e167b0bb0.jpg,1
NULL_mp4-0014_jpg.rf.a618c58c51a8df64ccbc162ba9fbe4ee.jpg,1
NULL_mp4-0020_jpg.rf.8d5b1d8f55f8ea8748415f0c6fc566cc.jpg,1
NULL_mp4-0015_jpg.rf.59f473871f54bb023f25a3c1306f7482.jpg,1
NULL_mp4-0043_jpg.rf.b31f5807ea543ccdf72fe28b93ee96a7.jpg,1
WIN_20250508_23_40_47_Pro_mp4-0072_jpg.rf.000b5f2c181feadcd6facc9550b861ea.jpg,1
WIN_20250508_23_40_47_Pro_mp4-0086_jpg.rf.99d0fa9720919abe1b3f9fa11a7794e9.jpg,1
WIN_20250508_23_40_47_Pro_mp4-0020_jpg.rf.7287f0b4f7d047194963321ba378eed4.jpg,1
WIN_20250508_23_40_47_Pro_mp4-0039_jpg.rf.10bfdc3cfae63a50d6975b4362fdbf97.jpg,1
WIN_20250508_23_40_47_Pro_mp4-0016_jpg.rf.28e5bc309726d6b055c97939c67a2171.jpg,1
WIN_20250508_23_40_47_Pro_mp4-0014_jpg.rf.0d422d37b0ad9921ef01eaefc540500d.jpg,1
NULL_mp4-0048_jpg.rf.b0f250d9ea9eab13ccfc5a76a4c72d8a.jpg,1
WIN_20250508_23_40_47_Pro_mp4-0092_jpg.rf.7a2dfd80a9f249f030df592b2a539314.jpg,1
WIN_20250508_23_40_47_Pro_mp4-0028_jpg.rf.a120771bb919cb1e417469b38c6c4dfb.jpg,1
NULL_mp4-0058_jpg.rf.fe9745df2a671d3acf91138dae1fcb60.jpg,1
NULL_mp4-0080_jpg.rf.c7506d6ebb535e817a53b28cdad951ba.jpg,1
WIN_20250508_23_40_47_Pro_mp4-0038_jpg.rf.d59326ee3c84545722eaca2beec84792.jpg,1
WIN_20250508_23_40_47_Pro_mp4-0008_jpg.rf.3c4557a1e83d16a9f02eb23e95ab7260.jpg,1
WIN_20250508_23_40_47_Pro_mp4-0022_jpg.rf.638ad15f3611c4aa38677de9e5a3e607.jpg,1
NULL_mp4-0020_jpg.rf.f6facc20ef509190530d5ec72e1b9d94.jpg,1
WIN_20250508_23_40_47_Pro_mp4-0015_jpg.rf.f3e16b54ca7ad1db9174ab2c19f06ca6.jpg,1
WIN_20250508_23_40_47_Pro_mp4-0011_jpg.rf.028cb21a39d784bc6b62e66c24e3c10d.jpg,1
NULL_mp4-0036_jpg.rf.32a9cbd1ae8ba21b626ba05560d49b75.jpg,1
WIN_20250508_23_40_47_Pro_mp4-0011_jpg.rf.a603298d8237ae83d1afbd3a989e982f.jpg,1
NULL_mp4-0093_jpg.rf.ac3e1cb21a4402f1c2263d41c7e05944.jpg,1
NULL_mp4-0051_jpg.rf.229083e56fbb6a38870110a1eb2a2082.jpg,1
NULL_mp4-0047_jpg.rf.0fc5ca197ec8f4b45e5793d87d91b5bd.jpg,1
WIN_20250508_23_40_47_Pro_mp4-0081_jpg.rf.64b954042677eb68d6e3b522f23e8319.jpg,1
NULL_mp4-0041_jpg.rf.0b8a154c9eebdb8586f312e525b78a32.jpg,1
NULL_mp4-0047_jpg.rf.d92f8d5bc24db364bd12e5da9bb72c17.jpg,1
NULL_mp4-0096_jpg.rf.facddbb247fc39f67c9f5d065073dbba.jpg,1
NULL_mp4-0018_jpg.rf.cbad610d3b5ba39233ec6c09cfee6511.jpg,1
NULL_mp4-0094_jpg.rf.a1aaf004c04a136da6269b5e7023bf9f.jpg,1
NULL_mp4-0096_jpg.rf.fb38ef82344b7e621c86b72c761c05fe.jpg,1
NULL_mp4-0093_jpg.rf.d7007373594e012c5ade5da289d5577f.jpg,1
NULL_mp4-0075_jpg.rf.40664b592a8a38e44661bf38c283716c.jpg,1
WIN_20250508_23_40_47_Pro_mp4-0052_jpg.rf.f9ce0f7476828b9be236b70b535c2ea9.jpg,1
NULL_mp4-0017_jpg.rf.3bc59408bc5bc17825abdb68e37d4433.jpg,1
WIN_20250508_23_40_47_Pro_mp4-0015_jpg.rf.aa5c089abdcbf78deb61fb54919ea1d0.jpg,1
NULL_mp4-0034_jpg.rf.3d2077894d1bdc4b3e3dbb91f394c6c7.jpg,1
WIN_20250508_23_40_47_Pro_mp4-0058_jpg.rf.5236da60c60f70049214ac37b6e28ca6.jpg,1
NULL_mp4-0048_jpg.rf.7fa44e0346c0df3ec6e0cda795aec971.jpg,1
NULL_mp4-0071_jpg.rf.e8b173eae908016cf347087491f45617.jpg,1
NULL_mp4-0022_jpg.rf.1e9130e6c62ff9a4e699adf33ba801e4.jpg,1
NULL_mp4-0088_jpg.rf.ddb831be43772a2e910012fe578ae7b9.jpg,1
NULL_mp4-0070_jpg.rf.9f36eace7ec73cdfb377825bb8a85b7c.jpg,1
NULL_mp4-0036_jpg.rf.3b942329866edc571f7bfb7b2e0d307f.jpg,1
WIN_20250508_23_40_47_Pro_mp4-0006_jpg.rf.840c2c6dad6c3da701d7340d8518da16.jpg,1
NULL_mp4-0019_jpg.rf.dd84532ece2658c199266029475708be.jpg,1
NULL_mp4-0088_jpg.rf.1da2cab4f0f77dc2d7ec20bcfcff04de.jpg,1
NULL_mp4-0095_jpg.rf.002927c9670dcd235d130bda45ae8bc0.jpg,1
NULL_mp4-0028_jpg.rf.a0ecb801b7e50d6bb5651ea455808c4f.jpg,1
WIN_20250508_23_40_47_Pro_mp4-0055_jpg.rf.c6264ea878e0080fa2d89dfdb62a9da5.jpg,1
WIN_20250508_23_40_47_Pro_mp4-0064_jpg.rf.518b968d3c10da24638d1055362f1e13.jpg,1
WIN_20250508_23_40_47_Pro_mp4-0079_jpg.rf.b8c00fb5299d7aa747257df1170aa258.jpg,1
NULL_mp4-0110_jpg.rf.eb65cfb2e04b6404b7edb7d3a67db341.jpg,1
WIN_20250508_23_40_47_Pro_mp4-0014_jpg.rf.db8f318f1f1b3d5dbf04987c41ba65e8.jpg,1
NULL_mp4-0104_jpg.rf.9cc7f047463e89c32ec307adef7e00d8.jpg,1
NULL_mp4-0105_jpg.rf.b241ce09f212761f71ea253de4be7f04.jpg,1
WIN_20250508_23_40_47_Pro_mp4-0069_jpg.rf.4bd35d8c3c6b14c89fc6c0f6ccced876.jpg,1
WIN_20250508_23_40_47_Pro_mp4-0005_jpg.rf.c1aee76103533a33065e12fd2395e74b.jpg,1
WIN_20250508_23_40_47_Pro_mp4-0026_jpg.rf.f61ebdfcbccd43112c9f45078e9c543b.jpg,1
WIN_20250508_23_40_47_Pro_mp4-0005_jpg.rf.68e7791bf7335269887ac9e1fe7f604e.jpg,1
WIN_20250508_23_40_47_Pro_mp4-0064_jpg.rf.82dc947d93a807412ca6e1868a27e5bd.jpg,1
WIN_20250508_23_40_47_Pro_mp4-0045_jpg.rf.fa608f191b8a5f8cbb6308e40677a905.jpg,1
NULL_mp4-0018_jpg.rf.335e7dc2b77a45a7aa7c661909cb5e8c.jpg,1
NULL_mp4-0017_jpg.rf.b5f70ee6d7735c13f863a58c9d1379bd.jpg,1
NULL_mp4-0103_jpg.rf.59f4f618502ecb3b23e26ca70db357f8.jpg,1
NULL_mp4-0091_jpg.rf.a421f3ff26c8c82d7f2f2e2afbb383b3.jpg,1
WIN_20250508_23_40_47_Pro_mp4-0105_jpg.rf.81d0a60654562adb9bfae4ddec196d04.jpg,1
NULL_mp4-0020_jpg.rf.6201ed8d394426c643066550fdd2383e.jpg,1
NULL_mp4-0078_jpg.rf.d2d7b8b61947af1e127559c8c5a7cd24.jpg,1
WIN_20250508_23_40_47_Pro_mp4-0000_jpg.rf.21d13861938f651fe76359458c4bcc5a.jpg,1
NULL_mp4-0045_jpg.rf.49d6d2cccb64050e8c047736f294c7d1.jpg,1
NULL_mp4-0078_jpg.rf.d4b2687180a1c52c3fb26e510c15adde.jpg,1
WIN_20250508_23_40_47_Pro_mp4-0086_jpg.rf.07e91ef609b0e65b042e4f9b77289956.jpg,1
WIN_20250508_23_40_47_Pro_mp4-0085_jpg.rf.c7b0fe306b6645f3a8a9f14370778ffd.jpg,1
WIN_20250508_23_40_47_Pro_mp4-0067_jpg.rf.551e5c33485f1d7e3b8a6f10e131c479.jpg,1
WIN_20250508_23_40_47_Pro_mp4-0086_jpg.rf.a37d5efd607a7a8adf55a1f578985496.jpg,1
WIN_20250508_23_40_47_Pro_mp4-0033_jpg.rf.1cfeb0207ded3163133c58c409dbd40f.jpg,1
NULL_mp4-0047_jpg.rf.d9ea26f7dbe441d7a3b8930df52adf35.jpg,1
WIN_20250508_23_40_47_Pro_mp4-0081_jpg.rf.037c2f38454946626647af8264bd9da4.jpg,1
NULL_mp4-0096_jpg.rf.9f449f522b6a998bc01ac3052fdf6ac2.jpg,1
NULL_mp4-0058_jpg.rf.b08d259fc97e69a4584e8053f152da0a.jpg,1
NULL_mp4-0099_jpg.rf.4c7f80c15fe8854b7eb6405c21c737ff.jpg,1
WIN_20250508_23_40_47_Pro_mp4-0038_jpg.rf.317f9f42dc83513ab805cae3414e6e12.jpg,1
WIN_20250508_23_40_47_Pro_mp4-0081_jpg.rf.bd1bbba02f32b1027bb8950287485956.jpg,1
WIN_20250508_23_40_47_Pro_mp4-0067_jpg.rf.95b269064a57a1dcfa0f83f3e74450b8.jpg,1
WIN_20250508_23_40_47_Pro_mp4-0016_jpg.rf.17945786500d4dcf39bf28033b35ec1a.jpg,1
WIN_20250508_23_40_47_Pro_mp4-0095_jpg.rf.a84ca9d4a8274d85305272c78c6226ab.jpg,1
NULL_mp4-0106_jpg.rf.c01eebefeb97c45411e5a3de571070f5.jpg,1
WIN_20250508_23_40_47_Pro_mp4-0038_jpg.rf.040352aaa09891ab529e79940db9b7f5.jpg,1
NULL_mp4-0103_jpg.rf.6388279dac8d84c124d6f2247f981137.jpg,1
WIN_20250508_23_40_47_Pro_mp4-0051_jpg.rf.fd94ed60b42d2e4a1676473f49e95b58.jpg,1
NULL_mp4-0018_jpg.rf.d9446d6827d7af632b669ca3815bab42.jpg,1
WIN_20250508_23_40_47_Pro_mp4-0014_jpg.rf.95e14599fa0f00d8d509588e4b16d804.jpg,1
WIN_20250508_23_40_47_Pro_mp4-0065_jpg.rf.e7b96e248f89c53cf9faa2e524cfc658.jpg,1
NULL_mp4-0103_jpg.rf.df3b2911f4da58d97a11d0596c1180fb.jpg,1
NULL_mp4-0013_jpg.rf.58fec1750da4740f4e8277a3190d6d6e.jpg,1
WIN_20250508_23_40_47_Pro_mp4-0088_jpg.rf.f2185c3d86612faaed3558298a0cbd6f.jpg,1
WIN_20250508_23_40_47_Pro_mp4-0039_jpg.rf.7fa3d6622d1bf1b0deac40baebcff9de.jpg,1
WIN_20250508_23_40_47_Pro_mp4-0054_jpg.rf.3ff99e22e4f3df582a24d5045cbecb8f.jpg,1
WIN_20250508_23_40_47_Pro_mp4-0001_jpg.rf.53cc9987266f4ca049a014d49e07344d.jpg,1
NULL_mp4-0060_jpg.rf.f9337a4a3747d1978b204aa093d5aac9.jpg,1
WIN_20250508_23_40_47_Pro_mp4-0084_jpg.rf.e13213abe6c75263be0064f223c72c24.jpg,1
NULL_mp4-0071_jpg.rf.f1e50d50752a3d5518fc83c6cba21a60.jpg,1
WIN_20250508_23_40_47_Pro_mp4-0064_jpg.rf.0267185efda4be8652b9b51d82da6087.jpg,1
WIN_20250508_23_40_47_Pro_mp4-0036_jpg.rf.3ed18dfa665a4ed9be59cbfb67212ea0.jpg,1
NULL_mp4-0048_jpg.rf.1ca4cc12fcfcc3616993eb9ff35dbee7.jpg,1
NULL_mp4-0078_jpg.rf.3e7d766244c4fc1be26aff1469428967.jpg,1
WIN_20250508_23_40_47_Pro_mp4-0069_jpg.rf.535ab14e50426447330f47c18eda9a3b.jpg,1
WIN_20250508_23_40_47_Pro_mp4-0055_jpg.rf.6b160cebd3c8f46a15c6debc0f6155e2.jpg,1
WIN_20250508_23_40_47_Pro_mp4-0002_jpg.rf.62642fc88f2232f2e5dcb21fde94347e.jpg,1
WIN_20250508_23_40_47_Pro_mp4-0035_jpg.rf.d4eb94b2b54ab7dca6c2641e051f4eb6.jpg,1
WIN_20250508_23_40_47_Pro_mp4-0030_jpg.rf.50475f2937f19aa560f5617a5e0f89af.jpg,1
WIN_20250508_23_40_47_Pro_mp4-0063_jpg.rf.c14958dcddd7e12cbbb3e69e6727a667.jpg,1
NULL_mp4-0087_jpg.rf.edb6508db87fde4103da1772264641d3.jpg,1
NULL_mp4-0093_jpg.rf.3be2ffbb9d38482dc7f7004d9449b289.jpg,1
NULL_mp4-0019_jpg.rf.e03d99bae8786d880e29fc8840f29f18.jpg,1
NULL_mp4-0010_jpg.rf.7ce521a736b5fd441c8d73699101d361.jpg,1
WIN_20250508_23_40_47_Pro_mp4-0015_jpg.rf.3c909ffc1030da7db26ec13389d049e1.jpg,1
WIN_20250508_23_40_47_Pro_mp4-0036_jpg.rf.48366142c73cd8d1e3a63306bce28bf6.jpg,1
WIN_20250508_23_40_47_Pro_mp4-0039_jpg.rf.7b99c4930f95a02881989c39f6eef121.jpg,1
NULL_mp4-0041_jpg.rf.12ce027608e0732b5d3594fa6b836ddc.jpg,1
WIN_20250508_23_40_47_Pro_mp4-0095_jpg.rf.98983a3a506e199d39f7ecd881283f1f.jpg,1
WIN_20250508_23_40_47_Pro_mp4-0018_jpg.rf.73b0e68039b57d124a9a691529742af5.jpg,1
NULL_mp4-0041_jpg.rf.f2c2c0696d5853e6c8a89ef44c56bd59.jpg,1
WIN_20250508_23_40_47_Pro_mp4-0053_jpg.rf.74e317b8a3e460f10c75ecec0a8b0fb5.jpg,1
WIN_20250508_23_40_47_Pro_mp4-0005_jpg.rf.9b4cef47a185f18c09df76b67009872f.jpg,1
WIN_20250508_23_40_47_Pro_mp4-0018_jpg.rf.ea613b5e7adb85664c6af108ad2a93b0.jpg,1
NULL_mp4-0052_jpg.rf.ea76488f4b91f9276fb293c2eec220cb.jpg,1
WIN_20250508_23_40_47_Pro_mp4-0102_jpg.rf.73f78bde250a9a8ab6e72d006aa687b4.jpg,1
NULL_mp4-0060_jpg.rf.970d014d20217ce6ce39bc29e2db15c2.jpg,1
WIN_20250508_23_40_47_Pro_mp4-0067_jpg.rf.3466f7bb2531098103467e01ca3580f8.jpg,1
WIN_20250508_23_40_47_Pro_mp4-0097_jpg.rf.99b2077d3420b26fcad731ce5f349a5c.jpg,1
NULL_mp4-0106_jpg.rf.6f110f89e6372020bc80def94b89ce0f.jpg,1
WIN_20250508_23_40_47_Pro_mp4-0042_jpg.rf.6b2eca9d5d7ba096cc6d70bc69d1f837.jpg,1
NULL_mp4-0088_jpg.rf.fa379d8481fbfe251497d4b80cdef4f6.jpg,1
NULL_mp4-0106_jpg.rf.5fdd67b5d5969f7129608bc50de7efca.jpg,1
WIN_20250508_23_40_47_Pro_mp4-0006_jpg.rf.dd4f0cc14a526a5d47bf5a91476bd2fc.jpg,1
NULL_mp4-0058_jpg.rf.8d59e88adfb4191f8986e9b5b94048b9.jpg,1
NULL_mp4-0034_jpg.rf.cd597d6edfdafadd4b0b895f8128ef83.jpg,1
NULL_mp4-0015_jpg.rf.1cfb6f8927849759edae1eb8334ea6f2.jpg,1
NULL_mp4-0053_jpg.rf.f8601362b3abc46c689e674cfa7e0992.jpg,1
WIN_20250508_23_40_47_Pro_mp4-0095_jpg.rf.b17212b83cd5a5c7c8141abc3e5c0c2a.jpg,1
NULL_mp4-0017_jpg.rf.ad55857235e71e0b501682202d772088.jpg,1
NULL_mp4-0036_jpg.rf.51a15d04f7ad98ec38e0a629e668a682.jpg,1
WIN_20250508_23_40_47_Pro_mp4-0036_jpg.rf.69b37bff27f70fecb5c1658082d7ff87.jpg,1
NULL_mp4-0045_jpg.rf.989b601d57e573848457c7b8aad31f07.jpg,1
NULL_mp4-0023_jpg.rf.ca1bd50e0c54faeb26c247c50375659a.jpg,1
WIN_20250508_23_40_47_Pro_mp4-0012_jpg.rf.078a1fb518f63022725ce332c9ceee86.jpg,1
WIN_20250508_23_40_47_Pro_mp4-0065_jpg.rf.b5759c87a90a4f1299de7c90c50fb4bc.jpg,1
WIN_20250508_23_40_47_Pro_mp4-0080_jpg.rf.4174894bd0cd0be638dae691232c69e0.jpg,1
NULL_mp4-0038_jpg.rf.ac18944c89812b486ad17992392cad67.jpg,1
NULL_mp4-0097_jpg.rf.17dfaf46412f52b2e7840f564f6633d7.jpg,1
WIN_20250508_23_40_47_Pro_mp4-0077_jpg.rf.25142f3cecb68d8234be254096283e02.jpg,1
WIN_20250508_23_40_47_Pro_mp4-0040_jpg.rf.fa0d2ac47654ef0fe51bbcfbb10e417a.jpg,1
WIN_20250508_23_40_47_Pro_mp4-0085_jpg.rf.881952814e882150bf0b58df26fffdae.jpg,1
WIN_20250508_23_40_47_Pro_mp4-0069_jpg.rf.f4bcbe49ade9a012c6fd8b1322536088.jpg,1
NULL_mp4-0100_jpg.rf.7bdec345a42e52ce9a6499ff176b544f.jpg,1
NULL_mp4-0013_jpg.rf.b9a97b77a1c2943005674c05f24e1f94.jpg,1
NULL_mp4-0050_jpg.rf.c6894a253e9aa5107d4418da72208b4b.jpg,1
WIN_20250508_23_40_47_Pro_mp4-0035_jpg.rf.e0b8b0d6c175c344a528d0abdd6a6f3a.jpg,1
WIN_20250508_23_40_47_Pro_mp4-0006_jpg.rf.34a1e632abf3f2d6eab4c8ad0543befd.jpg,1
NULL_mp4-0013_jpg.rf.92305a1121c126acc433ff1a4d23309a.jpg,1
NULL_mp4-0025_jpg.rf.f3f69ab012426a2a9f283b6dd357925e.jpg,1
WIN_20250508_23_40_47_Pro_mp4-0068_jpg.rf.061a50812a7c044775588b7ab90bf853.jpg,1
WIN_20250508_23_40_47_Pro_mp4-0105_jpg.rf.a75223740ddd4cfb05606e5b95087c29.jpg,1
NULL_mp4-0063_jpg.rf.e448fade4d7f10f2fbc29c76556b5a67.jpg,1
NULL_mp4-0026_jpg.rf.9749c68deaf4ff398ec2aa2397c99059.jpg,1
NULL_mp4-0037_jpg.rf.51057f40445e50336bb3c896fcc2a7ab.jpg,1
NULL_mp4-0062_jpg.rf.0f4617e9cb08cebff7624a23806bfbbe.jpg,1
NULL_mp4-0073_jpg.rf.99082efcb0607e3b5d9e8253b7ab7065.jpg,1
WIN_20250508_23_40_47_Pro_mp4-0088_jpg.rf.debeede2dcfcbd073ac4956d6049bf7f.jpg,1
WIN_20250508_23_40_47_Pro_mp4-0049_jpg.rf.5adab7f03c59ffe88ad73ea4e3b44c1c.jpg,1
NULL_mp4-0094_jpg.rf.50c82dcc402b96c831e4729af4f63677.jpg,1
WIN_20250508_23_40_47_Pro_mp4-0097_jpg.rf.ec3fdecf087e84878158eabc6caa8d94.jpg,1
NULL_mp4-0072_jpg.rf.43695a5bb17a2a3f5046bf909b71ca77.jpg,1
WIN_20250508_23_40_47_Pro_mp4-0080_jpg.rf.0851ec53a0a2cfb897941607f67e7052.jpg,1
NULL_mp4-0049_jpg.rf.1829ce70df3a637042d09873e5479973.jpg,1
NULL_mp4-0042_jpg.rf.ca43081b781424d26393b95eb38d1e29.jpg,1
WIN_20250508_23_40_47_Pro_mp4-0037_jpg.rf.d682ae9420415402f0d954788b2a14c9.jpg,1
NULL_mp4-0035_jpg.rf.f78b8652fd9cda5311947ae1608d3d3d.jpg,1
NULL_mp4-0027_jpg.rf.a2526243ab8eb61d81ae0a6dd5891758.jpg,1
WIN_20250508_23_40_47_Pro_mp4-0054_jpg.rf.ff3ac1cbfbee32f19e2b498d5063e029.jpg,1
NULL_mp4-0008_jpg.rf.15b0848e171cf79dcece3374b6a73aca.jpg,1
NULL_mp4-0060_jpg.rf.5c9e2c7285e9f364ab05e5accbfc5f6a.jpg,1
NULL_mp4-0062_jpg.rf.e9591f4e14b0970a562165df482edb76.jpg,1
NULL_mp4-0042_jpg.rf.b7fec2102fec56b1b99b87ad518e4244.jpg,1
WIN_20250508_23_40_47_Pro_mp4-0097_jpg.rf.b129e3846c43c49503e591a695aba26e.jpg,1
WIN_20250508_23_40_47_Pro_mp4-0040_jpg.rf.80247fe64c6acc286d4162a7f1c2aeb7.jpg,1
WIN_20250508_23_40_47_Pro_mp4-0018_jpg.rf.56ebfa22aa3451b1dd9d5fb077c011cb.jpg,1
WIN_20250508_23_40_47_Pro_mp4-0065_jpg.rf.f11f664da0214eef4e5357a171fb207b.jpg,1
WIN_20250508_23_40_47_Pro_mp4-0046_jpg.rf.1b3aae14ec837a1a5c83bce772613a90.jpg,1
NULL_mp4-0007_jpg.rf.de44d8b15f20992adf066cdb428e0b53.jpg,1
NULL_mp4-0064_jpg.rf.a7dc972ad23da98b2884adf9d53ba27b.jpg,1
NULL_mp4-0030_jpg.rf.2b40c55199747385668adea6a904cd06.jpg,1
NULL_mp4-0049_jpg.rf.35ebf86f7764cab6c66e5cdf6311cdb0.jpg,1
WIN_20250508_23_40_47_Pro_mp4-0088_jpg.rf.e0ffa2566c738b786ebe953c98f98099.jpg,1
WIN_20250508_23_40_47_Pro_mp4-0089_jpg.rf.fb81b4596114b223622f20f15afe582e.jpg,1
NULL_mp4-0011_jpg.rf.4584c547e2a8ccdc20ad13c22e9f213f.jpg,1
NULL_mp4-0052_jpg.rf.15f9973f8340a7bc53166aeca3ce6036.jpg,1
NULL_mp4-0033_jpg.rf.5eb36ac0e0a8c3bac7df13bd199797bc.jpg,1
NULL_mp4-0052_jpg.rf.ff71e5b8a3153f7c1ecd4a0c7d91cfdc.jpg,1
WIN_20250508_23_40_47_Pro_mp4-0075_jpg.rf.6879c373c17de89d39aa90d469654796.jpg,1
WIN_20250508_23_40_47_Pro_mp4-0040_jpg.rf.9cc10fb3be4c0c7cbd67ab21f7691866.jpg,1
WIN_20250508_23_40_47_Pro_mp4-0002_jpg.rf.9c8bce54bf0788130491a9e97bda5dae.jpg,1
NULL_mp4-0063_jpg.rf.be8884e0531ac7d7781f3fe8c64ba7eb.jpg,1
WIN_20250508_23_40_47_Pro_mp4-0049_jpg.rf.448acb828f2afc68bb092894cdd1573d.jpg,1
NULL_mp4-0037_jpg.rf.8cf3193c3cd4e06d7be11d3be92ecddf.jpg,1
WIN_20250508_23_40_47_Pro_mp4-0028_jpg.rf.f07244a1076a5e966f114fc241f0e34e.jpg,1
NULL_mp4-0027_jpg.rf.f7763925bbc26d6f0443ed6c1706ca35.jpg,1
NULL_mp4-0073_jpg.rf.98e2c724c72f058ac50ea0354c69a193.jpg,1
NULL_mp4-0008_jpg.rf.516ac7b9c9f59bb78d99f947124965d4.jpg,1
WIN_20250508_23_40_47_Pro_mp4-0026_jpg.rf.a5338a430219a59ce3142db50a9ddec2.jpg,1
WIN_20250508_23_40_47_Pro_mp4-0037_jpg.rf.c768e6409af631936ff5419f835a1f2e.jpg,1
NULL_mp4-0076_jpg.rf.353e50345793bd10f111af9c8ecbe015.jpg,1
WIN_20250508_23_40_47_Pro_mp4-0057_jpg.rf.811b8801e147cfadace6057cf4731736.jpg,1
NULL_mp4-0011_jpg.rf.5f51f51aac5f10e0b6a6d6fd24bc185b.jpg,1
NULL_mp4-0091_jpg.rf.6587b3fc9a37d59975a5db5aee60262f.jpg,1
NULL_mp4-0100_jpg.rf.3b47e62a49fcedb99635e5704c14dcd3.jpg,1
WIN_20250508_23_40_47_Pro_mp4-0027_jpg.rf.3d28aa7016b0915fd2bac66d3bae5c0f.jpg,1
NULL_mp4-0053_jpg.rf.f9d830f2b548fa52e173c6c3e6c5610e.jpg,1
NULL_mp4-0094_jpg.rf.1e0090612b2f4107a2d4d6d5b33280bb.jpg,1
WIN_20250508_23_40_47_Pro_mp4-0021_jpg.rf.ac72c7451070fcb71a32d4cd2938958c.jpg,1
NULL_mp4-0038_jpg.rf.04e3b13e78a69d73d81558158cd546de.jpg,1
WIN_20250508_23_40_47_Pro_mp4-0057_jpg.rf.a0d40722bde920154bc8df48f0299c8f.jpg,1
WIN_20250508_23_40_47_Pro_mp4-0050_jpg.rf.51e90bc5a8df58ead71cc9d63cedd0e9.jpg,1
NULL_mp4-0007_jpg.rf.3ff61cb67ba44abaa6a912c2b36aa2d9.jpg,1
WIN_20250508_23_40_47_Pro_mp4-0079_jpg.rf.a96955ca025b565c5cc2f9826ad05e31.jpg,1
NULL_mp4-0022_jpg.rf.2f02d68a44817e667b2941c9a8975f64.jpg,1
WIN_20250508_23_40_47_Pro_mp4-0046_jpg.rf.33ed894196f6d69f93dcd5440fa3cfaa.jpg,1
WIN_20250508_23_40_47_Pro_mp4-0104_jpg.rf.5e079d1f4c94cbf3a2af3f2c009075a2.jpg,1
NULL_mp4-0034_jpg.rf.2e4a58865b083cde2c09b29009e3f466.jpg,1
NULL_mp4-0027_jpg.rf.ff8770a3faae4771a24cf8dec857e0a0.jpg,1
NULL_mp4-0073_jpg.rf.f885730527f25dd75d69684bb2944eb8.jpg,1
WIN_20250508_23_40_47_Pro_mp4-0045_jpg.rf.30bcd59942aac51cdbc6141c81573a59.jpg,1
WIN_20250508_23_40_47_Pro_mp4-0028_jpg.rf.319a7bbd4c6a7b1c591a4ca04ac71114.jpg,1
NULL_mp4-0098_jpg.rf.eb0fcc7f0bb792944d95154fed64546f.jpg,1
NULL_mp4-0019_jpg.rf.a4d29a251f618bbd6d0ad77ed8a34c6f.jpg,1
NULL_mp4-0008_jpg.rf.3d71be564da45ff985d4403ba68f61a9.jpg,1
WIN_20250508_23_40_47_Pro_mp4-0082_jpg.rf.b4d1649c9aedfe1cecccf37202948a2e.jpg,1
WIN_20250508_23_40_47_Pro_mp4-0030_jpg.rf.d0e1d4caad215e8da97252622618783f.jpg,1
NULL_mp4-0100_jpg.rf.ad3355bfef3db62c84fd5a256dfe31fc.jpg,1
WIN_20250508_23_40_47_Pro_mp4-0106_jpg.rf.2657d22022f28a039a78ba7c73c8bb2a.jpg,1
NULL_mp4-0056_jpg.rf.6b3383521ab8f2424e05457aded31b49.jpg,1
NULL_mp4-0037_jpg.rf.8393cd1825af0ea003932c6e94d6f083.jpg,1
WIN_20250508_23_40_47_Pro_mp4-0042_jpg.rf.48332d9efa4c9947b4d1447e850aa133.jpg,1
WIN_20250508_23_40_47_Pro_mp4-0079_jpg.rf.6beffcfa7b455f72bd52490ada0190e5.jpg,1
NULL_mp4-0097_jpg.rf.b3358bbdc0177fd449db34f2753f12f9.jpg,1
WIN_20250508_23_40_47_Pro_mp4-0000_jpg.rf.239d09acc9ff12b668d3590469bfb29a.jpg,1
NULL_mp4-0070_jpg.rf.abbd87821da99b6840e167ddafe16311.jpg,1
NULL_mp4-0061_jpg.rf.60e1810f013643fb8adbfb19cd7d354d.jpg,1
NULL_mp4-0091_jpg.rf.8ee2ff11a65eb3fecc923ec4276d8135.jpg,1
WIN_20250508_23_40_47_Pro_mp4-0034_jpg.rf.ce7cbab9b2b6842b8d39af31de344996.jpg,1
NULL_mp4-0035_jpg.rf.9c41eb3303a899e21bab8778e14fdbae.jpg,1
WIN_20250508_23_40_47_Pro_mp4-0026_jpg.rf.a2f312ee6605fd5f6ba24f28e7e88fc3.jpg,1
NULL_mp4-0063_jpg.rf.698493c96659406caa70bf9386ff4b9e.jpg,1
NULL_mp4-0030_jpg.rf.c5134219add8c3df0183435157f01461.jpg,1
NULL_mp4-0022_jpg.rf.211d401ab9df8ec9c6f24448a3d4143b.jpg,1
NULL_mp4-0026_jpg.rf.9137203dc3ae87e0e0e8ba582823910d.jpg,1
NULL_mp4-0087_jpg.rf.5d2873a137853893982d632d2704a4e4.jpg,1
WIN_20250508_23_40_47_Pro_mp4-0049_jpg.rf.fc2f47dcf5c04c611e62a7de3809594f.jpg,1
WIN_20250508_23_40_47_Pro_mp4-0063_jpg.rf.086039dd40ff5adfccf79796d7661d0a.jpg,1
WIN_20250508_23_40_47_Pro_mp4-0068_jpg.rf.403add6d64cf644f803efb0624d7b8f2.jpg,1
WIN_20250508_23_40_47_Pro_mp4-0054_jpg.rf.d1d9eb3b2994edcd6c82c5d74db60063.jpg,1
NULL_mp4-0053_jpg.rf.1346e65d3424e0766aacd845cd1db2cc.jpg,1
NULL_mp4-0056_jpg.rf.816e8b241ec8abe5e63bd35f954ba5f0.jpg,1
NULL_mp4-0070_jpg.rf.9b56a010c79f58536c4e04e896396c93.jpg,1
WIN_20250508_23_40_47_Pro_mp4-0068_jpg.rf.a640a0f52e3d3b0a88693c1c8b740345.jpg,1
WIN_20250508_23_40_47_Pro_mp4-0057_jpg.rf.ac742c5748be731333518bc2fb18f09f.jpg,1
WIN_20250508_23_40_47_Pro_mp4-0075_jpg.rf.eaf66cf394e36a7db50425a8a1025024.jpg,1
WIN_20250508_23_40_47_Pro_mp4-0077_jpg.rf.a3786b9eef4644031ecbaada09255b5c.jpg,1
NULL_mp4-0000_jpg.rf.32fd786ee935cd43ddcbc074e1742e0d.jpg,1
WIN_20250508_23_40_47_Pro_mp4-0100_jpg.rf.96f16ad9edb31f31588a1038f1df8fda.jpg,1
WIN_20250508_23_40_47_Pro_mp4-0000_jpg.rf.b3f72821b82353cecb1cb5f8b19112ee.jpg,1
WIN_20250508_23_40_47_Pro_mp4-0030_jpg.rf.d96c056baafbdb3881398729993f5b65.jpg,1
WIN_20250508_23_40_47_Pro_mp4-0012_jpg.rf.f4ab321de4de5455fce6413ab2e31ca3.jpg,1
WIN_20250508_23_40_47_Pro_mp4-0083_jpg.rf.cd08c5d54e2d36aa26e70eb2c6ee97b3.jpg,1
WIN_20250508_23_40_47_Pro_mp4-0045_jpg.rf.4ff63868cf07b91e2d05e9246e4db3da.jpg,1
NULL_mp4-0026_jpg.rf.f45b62e0619f358c6b534cc97f723c02.jpg,1
WIN_20250508_23_40_47_Pro_mp4-0050_jpg.rf.d7ac99bf329e4e185c0205190e84f7d6.jpg,1
WIN_20250508_23_40_47_Pro_mp4-0035_jpg.rf.967107cf5cce5eb9097b095653628712.jpg,1
WIN_20250508_23_40_47_Pro_mp4-0077_jpg.rf.06a10131d47c6ddaf1ad9e9c16fc9d3d.jpg,1
NULL_mp4-0087_jpg.rf.1618b43f9f53a677fc54e83d01491391.jpg,1
NULL_mp4-0061_jpg.rf.3b047d93088412d42945750d7d770a23.jpg,1
WIN_20250508_23_40_47_Pro_mp4-0085_jpg.rf.a58588b65d6dfe3efa1c97e9065bc84a.jpg,1
WIN_20250508_23_40_47_Pro_mp4-0002_jpg.rf.792586f630fcfadf83404f563c9ba8db.jpg,1
WIN_20250508_23_40_47_Pro_mp4-0034_jpg.rf.5374581dc96f22f796c76d17df3a1de2.jpg,1
WIN_20250508_23_40_47_Pro_mp4-0012_jpg.rf.60adba7b5036470ccc52113f795110f6.jpg,1
NULL_mp4-0023_jpg.rf.900b59ec3421b596e2f07a49311afda1.jpg,1
NULL_mp4-0072_jpg.rf.97797ee54cf33ab16906c582b1280680.jpg,1
WIN_20250508_23_40_47_Pro_mp4-0100_jpg.rf.62e8352958cfc3285769ee900d2d84cb.jpg,1
NULL_mp4-0062_jpg.rf.d8ca95c9e22bd4c3b274eea2797c30f5.jpg,1
WIN_20250508_23_40_47_Pro_mp4-0027_jpg.rf.3cd334f7c54012f22a632e1dd65b1df2.jpg,1
WIN_20250508_23_40_47_Pro_mp4-0029_jpg.rf.56b4a0e1f281e720494c7e45e92840f5.jpg,1
NULL_mp4-0033_jpg.rf.e598e23336c358eb5e8234283fe623bc.jpg,1
NULL_mp4-0023_jpg.rf.71bbe72a8d5ea15081cf0c266923d9fd.jpg,1
WIN_20250508_23_40_47_Pro_mp4-0060_jpg.rf.e613dbd4ea81718f66ac56d98e7e9172.jpg,1
WIN_20250508_23_40_47_Pro_mp4-0083_jpg.rf.a361e19c9c9ec8c788bf249549174b5c.jpg,1
WIN_20250508_23_40_47_Pro_mp4-0080_jpg.rf.eae857c1e67b316eed55a3c0f3aaa31e.jpg,1
NULL_mp4-0009_jpg.rf.f0d32838fc905a65bd4ac47da06246db.jpg,1
NULL_mp4-0007_jpg.rf.2c467cb195a66d1d7215856ae2f6fbfc.jpg,1
NULL_mp4-0064_jpg.rf.e56fe2893eeb3f91f59bb8596866c224.jpg,1
NULL_mp4-0076_jpg.rf.e4bc5130d6a10491a0e48d541170a70d.jpg,1
NULL_mp4-0043_jpg.rf.4c6711d8e9be7790505c1de1656c5e72.jpg,1
WIN_20250508_23_40_47_Pro_mp4-0060_jpg.rf.258a18bc5bc8f5b08f9b772013cd6c8d.jpg,1
WIN_20250508_23_40_47_Pro_mp4-0037_jpg.rf.895cd3ef026f5398cb083a0990968282.jpg,1
WIN_20250508_23_40_47_Pro_mp4-0089_jpg.rf.96c34fe1f83950aa5f53199599994a11.jpg,1
WIN_20250508_23_40_47_Pro_mp4-0063_jpg.rf.f2634c15a09648781d687e97e867a40e.jpg,1
NULL_mp4-0014_jpg.rf.7e9877328f5d5e5ebfb14d92bf41cf71.jpg,1
NULL_mp4-0006_jpg.rf.104fe8efa254b3fccad421289a88e6f9.jpg,1
NULL_mp4-0049_jpg.rf.af1fd5a4e04cd2d85ce86a413ea168b2.jpg,1
NULL_mp4-0000_jpg.rf.15e29090e55818d8e0034a22bc2ee5ee.jpg,1
WIN_20250508_23_40_47_Pro_mp4-0106_jpg.rf.5137e8e43c1b3cd7f8b031699e0df942.jpg,1
NULL_mp4-0098_jpg.rf.23018dcbf922625e14ba39ca71a93ab5.jpg,1
WIN_20250508_23_40_47_Pro_mp4-0105_jpg.rf.a2b45db5074dcd6bdd81b6acd5942734.jpg,1
NULL_mp4-0064_jpg.rf.7859508e48adc7cdfb92b3c16e080c10.jpg,1
NULL_mp4-0072_jpg.rf.da9c835459c8baaf5f831ef1de352e2e.jpg,1
NULL_mp4-0031_jpg.rf.1504cdf073389fb0444335db54ba6a09.jpg,1
WIN_20250508_23_40_47_Pro_mp4-0021_jpg.rf.5d490df38e31c2cfb64253fe54994484.jpg,1
NULL_mp4-0039_jpg.rf.90d10ac4c0bf6b00a9292abfab3c6a85.jpg,1
NULL_mp4-0012_jpg.rf.aa580e5b0be519b53cc3a734bf30fedb.jpg,1
NULL_mp4-0092_jpg.rf.d3522c16cf2f5c9393f9b8f0e71e3da7.jpg,1
NULL_mp4-0033_jpg.rf.cb3dbdda78a8a4a03c376d1bd070d558.jpg,1
WIN_20250508_23_40_47_Pro_mp4-0046_jpg.rf.012e8e33bd41bb6227bd7030676a85aa.jpg,1
WIN_20250508_23_40_47_Pro_mp4-0050_jpg.rf.fa7575bbde44c3faae597dfd0b331ea9.jpg,1
WIN_20250508_23_40_47_Pro_mp4-0042_jpg.rf.b0155afef42f51cb897dcb1c191a080e.jpg,1
WIN_20250508_23_40_47_Pro_mp4-0010_jpg.rf.f4ca9e1bbc2eb526328ae67a8e495b3b.jpg,1
NULL_mp4-0009_jpg.rf.c802dd42c5173e3747acf27203ac0093.jpg,1
NULL_mp4-0097_jpg.rf.53217183c8d38ac08afb713677bf747f.jpg,1
NULL_mp4-0016_jpg.rf.0996155b16e013136ab69f3a40a3d8b5.jpg,1
WIN_20250508_23_40_47_Pro_mp4-0024_jpg.rf.eff602691c6e8d656eb97193dc345308.jpg,1
NULL_mp4-0084_jpg.rf.731baa849f2e021896d125a814fa3bff.jpg,1
WIN_20250508_23_40_47_Pro_mp4-0082_jpg.rf.79632ae4312190abea32f8729426e025.jpg,1
WIN_20250508_23_40_47_Pro_mp4-0029_jpg.rf.8ff9b44a7648563d2f6a71ccb3776082.jpg,1
NULL_mp4-0076_jpg.rf.c27e1cded7d55cd2eafb5fa0cfe957f3.jpg,1
WIN_20250508_23_40_47_Pro_mp4-0082_jpg.rf.c9604d928bf3a2dfee921d5e47f0f53e.jpg,1
WIN_20250508_23_40_47_Pro_mp4-0059_jpg.rf.5e9f52c8fe09752afdab280bb652c9c2.jpg,1
WIN_20250508_23_40_47_Pro_mp4-0104_jpg.rf.a7f37da0de6c9d84ae6fd81eb6204c33.jpg,1
WIN_20250508_23_40_47_Pro_mp4-0073_jpg.rf.55371b663f8329139079d4cc2e6c861e.jpg,1
WIN_20250508_23_40_47_Pro_mp4-0078_jpg.rf.92a1dab14b6a7bf1f6c672b37eb28214.jpg,1
NULL_mp4-0068_jpg.rf.ec759d65d67ddaed7fbfe8402c27cf05.jpg,1
WIN_20250508_23_40_47_Pro_mp4-0020_jpg.rf.613472b6c25898a32dd057dbf4109575.jpg,1
NULL_mp4-0035_jpg.rf.f86dae54afcbcc82c80d86fed1ba8fbf.jpg,1
WIN_20250508_23_40_47_Pro_mp4-0089_jpg.rf.6f58a89df41abbc0d44222d7613eab19.jpg,1
WIN_20250508_23_40_47_Pro_mp4-0021_jpg.rf.354d0be191ff9b8f5920ee43b450beec.jpg,1
NULL_mp4-0012_jpg.rf.312cc8e0424b3c9b781619981c51c510.jpg,1
WIN_20250508_23_40_47_Pro_mp4-0078_jpg.rf.5af3e145c20210ef7ca1a2039957c06a.jpg,1
NULL_mp4-0080_jpg.rf.641a5695ce84e7f36b7df6f3a0a4f0cd.jpg,1
NULL_mp4-0014_jpg.rf.c1acceb70157c2be9a8b5f14c1ed51c0.jpg,1
WIN_20250508_23_40_47_Pro_mp4-0022_jpg.rf.81f4c58461bddb39bddb58251ec3e96e.jpg,1
NULL_mp4-0042_jpg.rf.c14a1ea3555344ec1d23c6fcfdaeabfd.jpg,1
WIN_20250508_23_40_47_Pro_mp4-0027_jpg.rf.ff727a88554cd9a5fe1a82014eb3c0ac.jpg,1
WIN_20250508_23_40_47_Pro_mp4-0071_jpg.rf.8839b6af616731a748df67fa0c7345a0.jpg,1
NULL_mp4-0068_jpg.rf.4137c5ab1cc3602b1a2e04bc8e8ca36d.jpg,1
WIN_20250508_23_40_47_Pro_mp4-0020_jpg.rf.a2e37db2445f17ef6112869d55ddd82b.jpg,1
WIN_20250508_23_40_47_Pro_mp4-0104_jpg.rf.34b17294b11a11d8727f6bd1eb5dd171.jpg,1
WIN_20250508_23_40_47_Pro_mp4-0072_jpg.rf.db37a9d5d433b45507752f250126e4c7.jpg,1
NULL_mp4-0075_jpg.rf.e0a452174d266cfbfcc4835edf441c94.jpg,1
NULL_mp4-0079_jpg.rf.e72f3f708a56c1c4ff6b74ec4a1b10fa.jpg,1
WIN_20250508_23_40_47_Pro_mp4-0022_jpg.rf.131c398863fdeabeee8cd6d30684f3c4.jpg,1
NULL_mp4-0039_jpg.rf.7fbda74e2a82491cc5a0c54067f9620d.jpg,1
WIN_20250508_23_40_47_Pro_mp4-0010_jpg.rf.51890f2f1a4ac0a2e24928f3d60457db.jpg,1
NULL_mp4-0043_jpg.rf.793c3ce432adbe26c95feb67f472da1a.jpg,1
WIN_20250508_23_40_47_Pro_mp4-0092_jpg.rf.90df84160ee459d5729bd1790072c742.jpg,1
NULL_mp4-0081_jpg.rf.be49e224724f4a68017f056b48045540.jpg,1
WIN_20250508_23_40_47_Pro_mp4-0008_jpg.rf.327f02d1ad2a864f8d91b6a28bf02628.jpg,1
NULL_mp4-0016_jpg.rf.01053fbeb650fc66dce6e6e0bbdd2f90.jpg,1
NULL_mp4-0084_jpg.rf.361fe4c8375d909670e45a7359e03662.jpg,1
NULL_mp4-0098_jpg.rf.5f31d9a5d3ed7350fe60e308afeab799.jpg,1